{"baseline2": {"data size": 1, "total insert time": 5.0687665939331055, "insert time per record": 5.0, "total storage used (in gas)": 371002, "storage per record": 371002, "total query time": 75.66177773475647, "query time per record": 10.0}, "baseline3": {"data size": 2, "total insert time": 13.644355535507202, "insert time per record": 6.822177767753601, "total storage used (in gas)": 739055, "storage per record": 369527.5, "total query time": 55.047648191452026, "query time per record": 3.931974870818002}}